﻿<parameters>
  <parameter name="IIS Web Application Name" defaultValue="Default Web Site/delloite" tags="IisApp">
    <parameterEntry kind="ProviderPath" scope="IisApp" match="^D:\\PROJECT\\Delloite\\Tax\\02\.\ Source\\DelloiteTR\\DelloiteTR\\obj\\Debug\\Package\\PackageTmp$" />
    <parameterEntry kind="ProviderPath" scope="setAcl" match="^D:\\PROJECT\\Delloite\\Tax\\02\.\ Source\\DelloiteTR\\DelloiteTR\\obj\\Debug\\Package\\PackageTmp$" />
  </parameter>
  <parameter name="Delloite.Web-Deployment Connection String" defaultValue="" tags="SqlConnectionString">
    <parameterEntry kind="ProviderPath" scope="dbFullSql" match="^D:\\PROJECT\\Delloite\\Tax\\02\.\ Source\\DelloiteTR\\DelloiteTR\\obj\\Debug\\AutoScripts\\Delloite\.Web-Deployment_SchemaAndData\.sql$" />
  </parameter>
  <parameter name="Delloite.Web-Web.config Connection String" description="Delloite.Web Connection String used in web.config by the application to access the database." defaultValue="Data Source=IHSANFULL;Initial Catalog=TRWEBDB;Integrated Security=false;user id=sa; Password=passw0rd;" tags="SqlConnectionString">
    <parameterEntry kind="XmlFile" scope="obj\\Debug\\Package\\PackageTmp\\Web\.config$" match="/configuration/connectionStrings/add[@name='Delloite.Web']/@connectionString" />
  </parameter>
</parameters>